Time (min),OD,ln(OD600),group
0.0,-0.00176,,reactorA
7.199999999999999,-0.0005600000000000002,,reactorA
12.0,-0.0005600000000000002,,reactorA
17.4,-0.00176,,reactorA
22.2,-0.00015999999999999993,,reactorA
27.0,0.00024000000000000003,,reactorA
32.400000000000006,0.00024000000000000003,,reactorA
37.2,0.00144,,reactorA
42.0,0.00144,,reactorA
47.400000000000006,0.00144,,reactorA
52.2,0.00104,,reactorA
57.0,0.00144,,reactorA
62.400000000000006,0.00104,,reactorA
67.2,0.00144,,reactorA
72.0,-0.00015999999999999993,,reactorA
77.4,0.00104,,reactorA
82.2,0.00104,,reactorA
87.0,0.00144,,reactorA
92.4,0.00104,,reactorA
97.2,0.00104,,reactorA
102.0,0.0006399999999999997,,reactorA
107.4,0.00024000000000000003,,reactorA
112.2,0.00104,,reactorA
117.0,-0.00136,,reactorA
122.4,-0.00176,,reactorA
127.2,-0.00176,,reactorA
132.0,-0.0005600000000000002,,reactorA
137.4,-0.00136,,reactorA
142.20000000000002,-0.00176,,reactorA
147.0,-0.00136,,reactorA
152.4,-0.00096,,reactorA
157.20000000000002,-0.00176,,reactorA
162.0,-0.00096,,reactorA
167.4,-0.00015999999999999993,,reactorA
172.20000000000002,-0.0005600000000000002,,reactorA
177.0,0.00024000000000000003,,reactorA
182.4,-0.00176,,reactorA
187.20000000000002,-0.00096,,reactorA
192.0,-0.0005600000000000002,,reactorA
197.4,0.00024000000000000003,,reactorA
202.20000000000002,0.00024000000000000003,,reactorA
207.0,0.0006399999999999997,,reactorA
212.4,-0.0005600000000000002,,reactorA
217.20000000000002,0.00024000000000000003,,reactorA
222.0,-0.00015999999999999993,,reactorA
227.4,0.0006399999999999997,,reactorA
232.20000000000002,0.0006399999999999997,,reactorA
237.0,-0.00015999999999999993,,reactorA
242.4,-0.0005600000000000002,,reactorA
247.20000000000002,0.00104,-6.868534565828856,reactorA
252.0,0.0022400000000000002,-6.101279413115188,reactorA
257.4,0.0022400000000000002,-6.101279413115188,reactorA
262.2,0.0022400000000000002,-6.101279413115188,reactorA
267.0,0.00344,-5.6722838075968305,reactorA
272.4,0.00144,-6.543112165394228,reactorA
277.2,0.0030399999999999997,-5.795897763564007,reactorA
282.0,0.00344,-5.6722838075968305,reactorA
287.4,0.00344,-5.6722838075968305,reactorA
292.2,0.004240000000000001,-5.463192009738271,reactorA
297.0,0.00384,-5.562282912382502,reactorA
302.4,0.00464,-5.373040912743973,reactorA
307.2,0.00464,-5.373040912743973,reactorA
312.0,0.00584,-5.1430244821420015,reactorA
317.4,0.006240000000000001,-5.076775096600801,reactorA
322.2,0.00664,-5.014643315493794,reactorA
327.0,0.007040000000000001,-4.956147108812186,reactorA
332.4,0.009040000000000001,-4.706096104578052,reactorA
337.2,0.009040000000000001,-4.706096104578052,reactorA
342.0,0.01024,-4.5814536593707755,reactorA
347.4,0.01144,-4.4706392930304855,reactorA
352.2,0.012240000000000001,-4.403046001897957,reactorA
357.0,0.014640000000000002,-4.223997770448971,reactorA
362.4,0.014240000000000001,-4.251700372998307,reactorA
367.2,0.01664,-4.0959458435890745,reactorA
372.0,0.01864,-3.982445469724692,reactorA
377.4,0.01944,-3.940422479949844,reactorA
382.2,0.02224,-3.8058628095997555,reactorA
387.0,0.024239999999999998,-3.7197511177810236,reactorA
392.4,0.02584,-3.655831600067736,reactorA
397.2,0.02624,-3.6404703149062487,reactorA
402.0,0.02664,-3.6253414333099485,reactorA
407.4,0.029439999999999997,-3.5254009851214616,reactorA
412.2,0.03304,-3.4100363303293597,reactorA
417.0,0.03544,-3.3399141532452568,reactorA
422.4,0.037840000000000006,-3.2743885347984594,reactorA
427.2,0.04104,-3.193208078119623,reactorA
432.0,0.043840000000000004,-3.127208636342377,reactorA
437.4,0.04544,-3.091362504569241,reactorA
442.2,0.049440000000000005,-3.0069954658327016,reactorA
447.0,0.05344,-2.9291957497537466,reactorA
452.4,0.054240000000000003,-2.9143366353499967,reactorA
457.2,0.05904,-2.82954009868992,reactorA
462.0,0.06544,-2.7266215866876453,reactorA
467.4,0.06984,-2.6615483674507905,reactorA
472.2,0.07384,-2.6058546887875402,reactorA
477.0,0.08144,-2.5078887261799245,reactorA
482.4,0.08944,-2.414187269575348,reactorA
487.19999999999993,0.09344000000000001,-2.37043575990222,reactorA
491.99999999999994,0.10224,-2.2804322883529125,reactorA
497.4,0.11024,-2.2050954717167888,reactorA
502.19999999999993,0.11824,-2.1350388217822456,reactorA
506.99999999999994,0.12983999999999998,-2.0414523557758013,reactorA
512.4,0.13824,-1.9787639739263916,reactorA
517.1999999999999,0.14903999999999998,-1.9035405526888043,reactorA
522.0,0.16463999999999998,-1.8039940068963978,reactorA
527.4,0.17584,-1.7381807883268259,reactorA
532.1999999999999,0.18903999999999999,-1.6657966461034848,reactorA
537.0,0.20623999999999998,-1.57871473979126,reactorA
542.4,0.22504,-1.4914771148005357,reactorA
547.1999999999999,0.24583999999999998,-1.403074361159908,reactorA
552.0,0.26464000000000004,-1.3293848671468105,reactorA
557.4,0.27864,-1.2778346529243914,reactorA
562.1999999999999,0.30864,-1.175579729824718,reactorA
567.0,0.32504,-1.1238070273026657,reactorA
572.4,0.36464,-1.008844713484763,reactorA
577.1999999999999,0.38704,-0.9492272321204199,reactorA
582.0,0.39384,-0.9318105435321918,reactorA
587.4,0.39384,-0.9318105435321918,reactorA
592.1999999999999,0.39384,-0.9318105435321918,reactorA
597.0,0.39384,-0.9318105435321918,reactorA
602.4,0.39384,-0.9318105435321918,reactorA
607.1999999999999,0.39384,-0.9318105435321918,reactorA
612.0,0.39384,-0.9318105435321918,reactorA
617.4,0.39384,-0.9318105435321918,reactorA
622.1999999999999,0.39384,-0.9318105435321918,reactorA
627.0,0.39384,-0.9318105435321918,reactorA
632.4,0.39384,-0.9318105435321918,reactorA
637.1999999999999,0.39384,-0.9318105435321918,reactorA
642.0,0.39384,-0.9318105435321918,reactorA
647.4,0.39384,-0.9318105435321918,reactorA
652.1999999999999,0.39384,-0.9318105435321918,reactorA
657.0,0.39384,-0.9318105435321918,reactorA
662.4,0.39384,-0.9318105435321918,reactorA
667.1999999999999,0.39384,-0.9318105435321918,reactorA
672.0,0.39384,-0.9318105435321918,reactorA
677.4,0.39384,-0.9318105435321918,reactorA
682.1999999999999,0.39384,-0.9318105435321918,reactorA
687.0,0.39384,-0.9318105435321918,reactorA
692.4,0.39384,-0.9318105435321918,reactorA
697.1999999999999,0.39384,-0.9318105435321918,reactorA
702.0,0.39384,-0.9318105435321918,reactorA
707.4,0.39384,-0.9318105435321918,reactorA
712.1999999999999,0.39384,-0.9318105435321918,reactorA
717.0,0.39384,-0.9318105435321918,reactorA
722.4,0.39384,-0.9318105435321918,reactorA
727.1999999999999,0.39384,-0.9318105435321918,reactorA
732.0,0.39384,-0.9318105435321918,reactorA
737.4,0.39384,-0.9318105435321918,reactorA
742.1999999999999,0.39384,-0.9318105435321918,reactorA
747.0,0.39384,-0.9318105435321918,reactorA
752.4,0.39384,-0.9318105435321918,reactorA
757.1999999999999,0.39384,-0.9318105435321918,reactorA
762.0,0.39384,-0.9318105435321918,reactorA
767.4,0.39384,-0.9318105435321918,reactorA
772.1999999999999,0.39384,-0.9318105435321918,reactorA
777.0,0.39384,-0.9318105435321918,reactorA
782.4,0.39384,-0.9318105435321918,reactorA
787.1999999999999,0.39384,-0.9318105435321918,reactorA
792.0,0.39384,-0.9318105435321918,reactorA
797.4,0.39384,-0.9318105435321918,reactorA
802.1999999999999,0.39384,-0.9318105435321918,reactorA
807.0,0.39384,-0.9318105435321918,reactorA
812.4,0.39384,-0.9318105435321918,reactorA
817.1999999999999,0.39384,-0.9318105435321918,reactorA
822.0,0.39384,-0.9318105435321918,reactorA
827.4,0.39384,-0.9318105435321918,reactorA
832.1999999999999,0.39384,-0.9318105435321918,reactorA
837.0,0.39384,-0.9318105435321918,reactorA
842.4,0.39384,-0.9318105435321918,reactorA
847.1999999999999,0.39384,-0.9318105435321918,reactorA
852.0,0.39384,-0.9318105435321918,reactorA
857.4,0.39384,-0.9318105435321918,reactorA
862.1999999999999,0.39384,-0.9318105435321918,reactorA
867.0,0.39384,-0.9318105435321918,reactorA
872.4,0.39384,-0.9318105435321918,reactorA
877.1999999999999,0.39384,-0.9318105435321918,reactorA
882.0,0.39384,-0.9318105435321918,reactorA
887.4,0.39384,-0.9318105435321918,reactorA
892.1999999999999,0.39384,-0.9318105435321918,reactorA
897.0,0.39384,-0.9318105435321918,reactorA
902.4,0.39384,-0.9318105435321918,reactorA
907.1999999999999,0.39384,-0.9318105435321918,reactorA
912.6,0.39384,-0.9318105435321918,reactorA
917.4,0.39384,-0.9318105435321918,reactorA
922.1999999999999,0.39384,-0.9318105435321918,reactorA
927.6,0.39384,-0.9318105435321918,reactorA
932.4,0.39384,-0.9318105435321918,reactorA
937.1999999999999,0.39384,-0.9318105435321918,reactorA
942.6,0.39384,-0.9318105435321918,reactorA
947.4,0.39384,-0.9318105435321918,reactorA
952.1999999999999,0.39384,-0.9318105435321918,reactorA
957.6,0.39384,-0.9318105435321918,reactorA
962.4,0.39384,-0.9318105435321918,reactorA
967.2,0.39384,-0.9318105435321918,reactorA
972.6,0.39384,-0.9318105435321918,reactorA
977.4,0.39384,-0.9318105435321918,reactorA
982.2,0.39384,-0.9318105435321918,reactorA
987.6,0.39384,-0.9318105435321918,reactorA
992.4,0.39384,-0.9318105435321918,reactorA
997.2,0.39384,-0.9318105435321918,reactorA
1002.6,0.39384,-0.9318105435321918,reactorA
1007.4,0.39384,-0.9318105435321918,reactorA
1012.2,0.39384,-0.9318105435321918,reactorA
1017.6,0.39384,-0.9318105435321918,reactorA
1022.4,0.39384,-0.9318105435321918,reactorA
1027.2,0.39384,-0.9318105435321918,reactorA
1032.6000000000001,0.39384,-0.9318105435321918,reactorA
1037.3999999999999,0.39384,-0.9318105435321918,reactorA
1042.2,0.39384,-0.9318105435321918,reactorA
1047.6000000000001,0.39384,-0.9318105435321918,reactorA
1052.3999999999999,0.39384,-0.9318105435321918,reactorA
1057.2,0.39384,-0.9318105435321918,reactorA
1062.6000000000001,0.39384,-0.9318105435321918,reactorA
1067.3999999999999,0.39384,-0.9318105435321918,reactorA
1072.2,0.39384,-0.9318105435321918,reactorA
1077.6000000000001,0.39384,-0.9318105435321918,reactorA
1082.3999999999999,0.39384,-0.9318105435321918,reactorA
1087.2,0.39384,-0.9318105435321918,reactorA
1092.6000000000001,0.39384,-0.9318105435321918,reactorA
1097.3999999999999,0.39384,-0.9318105435321918,reactorA
1102.2,0.39384,-0.9318105435321918,reactorA
1107.6000000000001,0.39384,-0.9318105435321918,reactorA
1112.3999999999999,0.39384,-0.9318105435321918,reactorA
1117.2,0.39384,-0.9318105435321918,reactorA
1122.6000000000001,0.39384,-0.9318105435321918,reactorA
1127.3999999999999,0.39384,-0.9318105435321918,reactorA
1132.2,0.39384,-0.9318105435321918,reactorA
1137.6000000000001,0.39384,-0.9318105435321918,reactorA
1142.3999999999999,0.39384,-0.9318105435321918,reactorA
1147.2,0.39384,-0.9318105435321918,reactorA
1152.6000000000001,0.39384,-0.9318105435321918,reactorA
1157.3999999999999,0.39384,-0.9318105435321918,reactorA
1162.2,0.39384,-0.9318105435321918,reactorA
1167.6000000000001,0.39384,-0.9318105435321918,reactorA
1172.3999999999999,0.39384,-0.9318105435321918,reactorA
1177.2,0.39384,-0.9318105435321918,reactorA
1182.6000000000001,0.39384,-0.9318105435321918,reactorA
1187.3999999999999,0.39384,-0.9318105435321918,reactorA
1192.2,0.39384,-0.9318105435321918,reactorA
1197.6000000000001,0.39384,-0.9318105435321918,reactorA
1202.3999999999999,0.39384,-0.9318105435321918,reactorA
1207.2,0.39384,-0.9318105435321918,reactorA
1212.6000000000001,0.39384,-0.9318105435321918,reactorA
1217.3999999999999,0.39384,-0.9318105435321918,reactorA
1222.2,0.39384,-0.9318105435321918,reactorA
1227.6000000000001,0.39384,-0.9318105435321918,reactorA
1232.3999999999999,0.39384,-0.9318105435321918,reactorA
1237.2,0.39384,-0.9318105435321918,reactorA
1242.6000000000001,0.39384,-0.9318105435321918,reactorA
1247.3999999999999,0.39384,-0.9318105435321918,reactorA
1252.2,0.39384,-0.9318105435321918,reactorA
1257.6000000000001,0.39384,-0.9318105435321918,reactorA
1262.3999999999999,0.39384,-0.9318105435321918,reactorA
1267.2,0.39384,-0.9318105435321918,reactorA
1272.6000000000001,0.39384,-0.9318105435321918,reactorA
1277.3999999999999,0.39384,-0.9318105435321918,reactorA
1282.2,0.39384,-0.9318105435321918,reactorA
1287.6000000000001,0.39384,-0.9318105435321918,reactorA
1292.3999999999999,0.39384,-0.9318105435321918,reactorA
1297.2,0.39384,-0.9318105435321918,reactorA
1302.6000000000001,0.39384,-0.9318105435321918,reactorA
1307.3999999999999,0.39384,-0.9318105435321918,reactorA
1312.2,0.39384,-0.9318105435321918,reactorA
0.0,-0.00028,,reactorB
7.199999999999999,0.00042,,reactorB
12.0,0.00042,,reactorB
17.4,0.00112,,reactorB
22.2,-0.00028,,reactorB
27.0,-0.00028,,reactorB
32.400000000000006,-0.00028,,reactorB
37.2,-0.00028,,reactorB
42.0,-0.00028,,reactorB
47.400000000000006,-0.00028,,reactorB
52.2,-0.00028,,reactorB
57.0,0.00042,,reactorB
62.400000000000006,-0.00028,,reactorB
67.2,-0.00028,,reactorB
72.0,0.00112,,reactorB
77.4,-0.00028,,reactorB
82.2,0.00112,,reactorB
87.0,-0.00028,,reactorB
92.4,-0.00028,,reactorB
97.2,0.00042,,reactorB
102.0,0.00042,,reactorB
107.4,-0.00028,,reactorB
112.2,-0.00028,,reactorB
117.0,-0.00028,,reactorB
122.4,-0.00028,,reactorB
127.2,0.00112,,reactorB
132.0,-0.00028,,reactorB
137.4,-0.00028,,reactorB
142.20000000000002,-0.00028,,reactorB
147.0,-0.00028,,reactorB
152.4,-0.00028,,reactorB
157.20000000000002,0.00042,,reactorB
162.0,-0.00028,,reactorB
167.4,-0.00028,,reactorB
172.20000000000002,-0.00028,,reactorB
177.0,-0.00028,,reactorB
182.4,0.00042,,reactorB
187.20000000000002,-0.00028,,reactorB
192.0,-0.00028,,reactorB
197.4,0.00042,,reactorB
202.20000000000002,0.00112,,reactorB
207.0,-0.00028,,reactorB
212.4,0.00112,,reactorB
217.20000000000002,-0.00028,,reactorB
222.0,0.00042,,reactorB
227.4,-0.00028,,reactorB
232.20000000000002,-0.00028,,reactorB
237.0,0.00112,,reactorB
242.4,0.00252,,reactorB
247.20000000000002,0.00252,,reactorB
252.0,0.00112,,reactorB
257.4,0.00042,,reactorB
262.2,-0.00028,,reactorB
267.0,0.00042,-7.77525584668686,reactorB
272.4,0.00322,-5.73837391942582,reactorB
277.2,0.00112,-6.794426593675134,reactorB
282.0,0.00182,-6.3089187778934335,reactorB
287.4,0.00112,-6.794426593675134,reactorB
292.2,0.00392,-5.5416636251797655,reactorB
297.0,0.00322,-5.73837391942582,reactorB
302.4,0.00322,-5.73837391942582,reactorB
307.2,0.00252,-5.983496377458805,reactorB
312.0,0.00182,-6.3089187778934335,reactorB
317.4,0.00252,-5.983496377458805,reactorB
322.2,0.00462,-5.37736057388849,reactorB
327.0,0.00322,-5.73837391942582,reactorB
332.4,0.00462,-5.37736057388849,reactorB
337.2,0.00392,-5.5416636251797655,reactorB
342.0,0.00532,-5.236281975628584,reactorB
347.4,0.00462,-5.37736057388849,reactorB
352.2,0.00462,-5.37736057388849,reactorB
357.0,0.00462,-5.37736057388849,reactorB
362.4,0.008119999999999999,-4.813425124808551,reactorB
367.2,0.00672,-5.002667124447079,reactorB
372.0,0.00742,-4.903576221802848,reactorB
377.4,0.00882,-4.730733408963437,reactorB
382.2,0.01022,-4.583408694206579,reactorB
387.0,0.01162,-4.4550275275583715,reactorB
392.4,0.01162,-4.4550275275583715,reactorB
397.2,0.013019999999999999,-4.341268642201714,reactorB
402.0,0.014419999999999999,-4.239139147125334,reactorB
407.4,0.01582,-4.146480316642629,reactorB
412.2,0.01582,-4.146480316642629,reactorB
417.0,0.01932,-3.946614450197765,reactorB
422.4,0.02002,-3.9110235050950624,reactorB
427.2,0.02142,-3.8434302139625345,reactorB
432.0,0.023520000000000003,-3.7499041559517106,reactorB
437.4,0.02562,-3.664381982513549,reactorB
442.2,0.02492,-3.6920845850628847,reactorB
447.0,0.02772,-3.5856011046604346,reactorB
452.4,0.03122,-3.466696363894851,reactorB
457.2,0.03472,-3.3604393891899877,reactorB
462.0,0.03472,-3.3604393891899877,reactorB
467.4,0.038919999999999996,-3.246247021664333,reactorB
472.2,0.04172,-3.176774648849565,reactorB
477.0,0.04172,-3.176774648849565,reactorB
482.4,0.045919999999999996,-3.080854526970826,reactorB
487.19999999999993,0.05082,-2.979465301090119,reactorB
491.99999999999994,0.052219999999999996,-2.9522897157111543,reactorB
497.4,0.057819999999999996,-2.850420542393937,reactorB
502.19999999999993,0.059219999999999995,-2.8264959563086918,reactorB
506.99999999999994,0.06412,-2.746998951240785,reactorB
512.4,0.06831999999999999,-2.6835527295018227,reactorB
517.1999999999999,0.07461999999999999,-2.5953467111891255,reactorB
522.0,0.08022,-2.5229824186402303,reactorB
527.4,0.08792,-2.4313279688867713,reactorB
532.1999999999999,0.09492,-2.354720847414574,reactorB
537.0,0.10052,-2.2973985663067458,reactorB
542.4,0.11102,-2.1980449137201217,reactorB
547.1999999999999,0.11871999999999999,-2.1309874995630667,reactorB
552.0,0.12782,-2.0571322547600013,reactorB
557.4,0.14532,-1.9288170716291357,reactorB
562.1999999999999,0.15792,-1.8456667032969656,reactorB
567.0,0.17192,-1.7607260266478821,reactorB
572.4,0.18242,-1.7014435582301246,reactorB
577.1999999999999,0.20412,-1.5890472227863663,reactorB
582.0,0.22372,-1.4973600090287498,reactorB
587.4,0.24542,-1.4047842504337353,reactorB
592.1999999999999,0.25662,-1.3601588875152648,reactorB
597.0,0.28812,-1.244378218960975,reactorB
602.4,0.32101999999999997,-1.1362518524970655,reactorB
607.1999999999999,0.32032,-1.1384347828552812,reactorB
612.0,0.34342,-1.0688010910964805,reactorB
617.4,0.38962,-0.942583373829079,reactorB
622.1999999999999,0.41062,-0.8900870663775188,reactorB
627.0,0.43162,-0.8402097074688194,reactorB
632.4,0.46592,-0.7637413334138706,reactorB
637.1999999999999,0.49462,-0.7039654879958246,reactorB
642.0,0.52192,-0.6502409595494879,reactorB
647.4,0.5408200000000001,-0.6146687726886884,reactorB
652.1999999999999,0.57162,-0.559280844035394,reactorB
657.0,0.60172,-0.507963058152514,reactorB
662.4,0.6255200000000001,-0.46917197516587833,reactorB
667.1999999999999,0.64792,-0.43398804704140254,reactorB
672.0,0.6780200000000001,-0.3885784929517406,reactorB
677.4,0.70672,-0.3471207311339207,reactorB
682.1999999999999,0.70672,-0.3471207311339207,reactorB
687.0,0.70672,-0.3471207311339207,reactorB
692.4,0.70672,-0.3471207311339207,reactorB
697.1999999999999,0.70672,-0.3471207311339207,reactorB
702.0,0.70672,-0.3471207311339207,reactorB
707.4,0.70672,-0.3471207311339207,reactorB
712.1999999999999,0.70672,-0.3471207311339207,reactorB
717.0,0.70672,-0.3471207311339207,reactorB
722.4,0.70672,-0.3471207311339207,reactorB
727.1999999999999,0.70672,-0.3471207311339207,reactorB
732.0,0.70672,-0.3471207311339207,reactorB
737.4,0.70672,-0.3471207311339207,reactorB
742.1999999999999,0.70672,-0.3471207311339207,reactorB
747.0,0.70672,-0.3471207311339207,reactorB
752.4,0.70672,-0.3471207311339207,reactorB
757.1999999999999,0.70672,-0.3471207311339207,reactorB
762.0,0.70672,-0.3471207311339207,reactorB
767.4,0.70672,-0.3471207311339207,reactorB
772.1999999999999,0.70672,-0.3471207311339207,reactorB
777.0,0.70672,-0.3471207311339207,reactorB
782.4,0.70672,-0.3471207311339207,reactorB
787.1999999999999,0.70672,-0.3471207311339207,reactorB
792.0,0.70672,-0.3471207311339207,reactorB
797.4,0.70672,-0.3471207311339207,reactorB
802.1999999999999,0.70672,-0.3471207311339207,reactorB
807.0,0.70672,-0.3471207311339207,reactorB
812.4,0.70672,-0.3471207311339207,reactorB
817.1999999999999,0.70672,-0.3471207311339207,reactorB
822.0,0.70672,-0.3471207311339207,reactorB
827.4,0.70672,-0.3471207311339207,reactorB
832.1999999999999,0.70672,-0.3471207311339207,reactorB
837.0,0.70672,-0.3471207311339207,reactorB
842.4,0.70672,-0.3471207311339207,reactorB
847.1999999999999,0.70672,-0.3471207311339207,reactorB
852.0,0.70672,-0.3471207311339207,reactorB
857.4,0.70672,-0.3471207311339207,reactorB
862.1999999999999,0.70672,-0.3471207311339207,reactorB
867.0,0.70672,-0.3471207311339207,reactorB
872.4,0.70672,-0.3471207311339207,reactorB
877.1999999999999,0.70672,-0.3471207311339207,reactorB
882.0,0.70672,-0.3471207311339207,reactorB
887.4,0.70672,-0.3471207311339207,reactorB
892.1999999999999,0.70672,-0.3471207311339207,reactorB
897.0,0.70672,-0.3471207311339207,reactorB
902.4,0.70672,-0.3471207311339207,reactorB
907.1999999999999,0.70672,-0.3471207311339207,reactorB
912.6,0.70672,-0.3471207311339207,reactorB
917.4,0.70672,-0.3471207311339207,reactorB
922.1999999999999,0.70672,-0.3471207311339207,reactorB
927.6,0.70672,-0.3471207311339207,reactorB
932.4,0.70672,-0.3471207311339207,reactorB
937.1999999999999,0.70672,-0.3471207311339207,reactorB
942.6,0.70672,-0.3471207311339207,reactorB
947.4,0.70672,-0.3471207311339207,reactorB
952.1999999999999,0.70672,-0.3471207311339207,reactorB
957.6,0.70672,-0.3471207311339207,reactorB
962.4,0.70672,-0.3471207311339207,reactorB
967.2,0.70672,-0.3471207311339207,reactorB
972.6,0.70672,-0.3471207311339207,reactorB
977.4,0.70672,-0.3471207311339207,reactorB
982.2,0.70672,-0.3471207311339207,reactorB
987.6,0.70672,-0.3471207311339207,reactorB
992.4,0.70672,-0.3471207311339207,reactorB
997.2,0.70672,-0.3471207311339207,reactorB
1002.6,0.70672,-0.3471207311339207,reactorB
1007.4,0.70672,-0.3471207311339207,reactorB
1012.2,0.70672,-0.3471207311339207,reactorB
1017.6,0.70672,-0.3471207311339207,reactorB
1022.4,0.70672,-0.3471207311339207,reactorB
1027.2,0.70672,-0.3471207311339207,reactorB
1032.6000000000001,0.70672,-0.3471207311339207,reactorB
1037.3999999999999,0.70672,-0.3471207311339207,reactorB
1042.2,0.70672,-0.3471207311339207,reactorB
1047.6000000000001,0.70672,-0.3471207311339207,reactorB
1052.3999999999999,0.70672,-0.3471207311339207,reactorB
1057.2,0.70672,-0.3471207311339207,reactorB
1062.6000000000001,0.70672,-0.3471207311339207,reactorB
1067.3999999999999,0.70672,-0.3471207311339207,reactorB
1072.2,0.70672,-0.3471207311339207,reactorB
1077.6000000000001,0.70672,-0.3471207311339207,reactorB
1082.3999999999999,0.70672,-0.3471207311339207,reactorB
1087.2,0.70672,-0.3471207311339207,reactorB
1092.6000000000001,0.70672,-0.3471207311339207,reactorB
1097.3999999999999,0.70672,-0.3471207311339207,reactorB
1102.2,0.70672,-0.3471207311339207,reactorB
1107.6000000000001,0.70672,-0.3471207311339207,reactorB
1112.3999999999999,0.70672,-0.3471207311339207,reactorB
1117.2,0.70672,-0.3471207311339207,reactorB
1122.6000000000001,0.70672,-0.3471207311339207,reactorB
1127.3999999999999,0.70672,-0.3471207311339207,reactorB
1132.2,0.70672,-0.3471207311339207,reactorB
1137.6000000000001,0.70672,-0.3471207311339207,reactorB
1142.3999999999999,0.70672,-0.3471207311339207,reactorB
1147.2,0.70672,-0.3471207311339207,reactorB
1152.6000000000001,0.70672,-0.3471207311339207,reactorB
1157.3999999999999,0.70672,-0.3471207311339207,reactorB
1162.2,0.70672,-0.3471207311339207,reactorB
1167.6000000000001,0.70672,-0.3471207311339207,reactorB
1172.3999999999999,0.70672,-0.3471207311339207,reactorB
1177.2,0.70672,-0.3471207311339207,reactorB
1182.6000000000001,0.70672,-0.3471207311339207,reactorB
1187.3999999999999,0.70672,-0.3471207311339207,reactorB
1192.2,0.70672,-0.3471207311339207,reactorB
1197.6000000000001,0.70672,-0.3471207311339207,reactorB
1202.3999999999999,0.70672,-0.3471207311339207,reactorB
1207.2,0.70672,-0.3471207311339207,reactorB
1212.6000000000001,0.70672,-0.3471207311339207,reactorB
1217.3999999999999,0.70672,-0.3471207311339207,reactorB
1222.2,0.70672,-0.3471207311339207,reactorB
1227.6000000000001,0.70672,-0.3471207311339207,reactorB
1232.3999999999999,0.70672,-0.3471207311339207,reactorB
1237.2,0.70672,-0.3471207311339207,reactorB
1242.6000000000001,0.70672,-0.3471207311339207,reactorB
1247.3999999999999,0.70672,-0.3471207311339207,reactorB
1252.2,0.70672,-0.3471207311339207,reactorB
1257.6000000000001,0.70672,-0.3471207311339207,reactorB
1262.3999999999999,0.70672,-0.3471207311339207,reactorB
1267.2,0.70672,-0.3471207311339207,reactorB
1272.6000000000001,0.70672,-0.3471207311339207,reactorB
1277.3999999999999,0.70672,-0.3471207311339207,reactorB
1282.2,0.70672,-0.3471207311339207,reactorB
1287.6000000000001,0.70672,-0.3471207311339207,reactorB
1292.3999999999999,0.70672,-0.3471207311339207,reactorB
1297.2,0.70672,-0.3471207311339207,reactorB
1302.6000000000001,0.70672,-0.3471207311339207,reactorB
1307.3999999999999,0.70672,-0.3471207311339207,reactorB
1312.2,0.70672,-0.3471207311339207,reactorB
0.0,-0.0012000000000000001,,reactorC
7.199999999999999,-0.0002,,reactorC
12.0,0.0008,,reactorC
17.4,-0.0002,,reactorC
22.2,-0.0002,,reactorC
27.0,0.00030000000000000003,,reactorC
32.400000000000006,-0.0007,,reactorC
37.2,0.00030000000000000003,,reactorC
42.0,0.0008,,reactorC
47.400000000000006,0.00030000000000000003,,reactorC
52.2,0.00030000000000000003,,reactorC
57.0,-0.0007,,reactorC
62.400000000000006,0.00030000000000000003,,reactorC
67.2,0.0008,,reactorC
72.0,-0.0007,,reactorC
77.4,0.0008,,reactorC
82.2,-0.0012000000000000001,,reactorC
87.0,0.00030000000000000003,,reactorC
92.4,0.00030000000000000003,,reactorC
97.2,-0.0002,,reactorC
102.0,0.00030000000000000003,,reactorC
107.4,0.0008,,reactorC
112.2,0.00030000000000000003,,reactorC
117.0,-0.0002,,reactorC
122.4,0.00030000000000000003,,reactorC
127.2,-0.0002,,reactorC
132.0,0.0013,,reactorC
137.4,0.00030000000000000003,,reactorC
142.20000000000002,0.0008,,reactorC
147.0,0.00030000000000000003,,reactorC
152.4,0.00030000000000000003,,reactorC
157.20000000000002,-0.0002,,reactorC
162.0,0.00030000000000000003,,reactorC
167.4,0.00030000000000000003,,reactorC
172.20000000000002,0.0008,,reactorC
177.0,0.0013,,reactorC
182.4,-0.0002,,reactorC
187.20000000000002,0.0013,-6.645391014514646,reactorC
192.0,0.0008,-7.1308988302963465,reactorC
197.4,0.0008,-7.1308988302963465,reactorC
202.20000000000002,0.0008,-7.1308988302963465,reactorC
207.0,0.0008,-7.1308988302963465,reactorC
212.4,0.0008,-7.1308988302963465,reactorC
217.20000000000002,0.0008,-7.1308988302963465,reactorC
222.0,0.0008,-7.1308988302963465,reactorC
227.4,0.0018,-6.319968614080018,reactorC
232.20000000000002,0.0018,-6.319968614080018,reactorC
237.0,0.0013,-6.645391014514646,reactorC
242.4,0.0013,-6.645391014514646,reactorC
247.20000000000002,0.0013,-6.645391014514646,reactorC
252.0,0.0018,-6.319968614080018,reactorC
257.4,0.0023,-6.074846156047033,reactorC
262.2,0.0023,-6.074846156047033,reactorC
267.0,0.0032999999999999995,-5.713832810509703,reactorC
272.4,0.0023,-6.074846156047033,reactorC
277.2,0.0028,-5.8781358618009785,reactorC
282.0,0.0032999999999999995,-5.713832810509703,reactorC
287.4,0.0038,-5.572754212249797,reactorC
292.2,0.0038,-5.572754212249797,reactorC
297.0,0.0038,-5.572754212249797,reactorC
302.4,0.0043,-5.44914025628262,reactorC
307.2,0.005299999999999999,-5.240048458424061,reactorC
312.0,0.0058,-5.149897361429764,reactorC
317.4,0.0063,-5.06720564558465,reactorC
322.2,0.0063,-5.06720564558465,reactorC
327.0,0.0068000000000000005,-4.990832666800076,reactorC
332.4,0.0078,-4.853631545286591,reactorC
337.2,0.0088,-4.733003557497976,reactorC
342.0,0.009300000000000001,-4.677740878822926,reactorC
347.4,0.0103,-4.575611383746547,reactorC
352.2,0.0118,-4.439655747510518,reactorC
357.0,0.0128,-4.358310108056566,reactorC
362.4,0.0143,-4.247495741716276,reactorC
367.2,0.015300000000000001,-4.179902450583747,reactorC
372.0,0.0173,-4.057048777478403,reactorC
377.4,0.0193,-3.947650183071297,reactorC
382.2,0.0208,-3.872802292274865,reactorC
387.0,0.0238,-3.738069698304708,reactorC
392.4,0.0258,-3.6573807870545654,reactorC
397.2,0.0293,-3.5301677629591155,reactorC
402.0,0.0318,-3.448288989196006,reactorC
407.4,0.0358,-3.3298073855754824,reactorC
412.2,0.0403,-3.2114038100294997,reactorC
417.0,0.0423,-3.1629681929299047,reactorC
422.4,0.0483,-3.03032371832361,reactorC
427.2,0.0533,-2.931818947810338,reactorC
432.0,0.057300000000000004,-2.8594546552614433,reactorC
437.4,0.0628,-2.7678002055079842,reactorC
442.2,0.0673,-2.698595042331455,reactorC
447.0,0.07129999999999999,-2.6408589515618868,reactorC
452.4,0.0773,-2.560061323388761,reactorC
457.2,0.0838,-2.4793222714941,reactorC
462.0,0.0928,-2.377308639189982,reactorC
467.4,0.0993,-2.3096097079310103,reactorC
472.2,0.1113,-2.1955260207006377,reactorC
477.0,0.1243,-2.0850572804654717,reactorC
482.4,0.1373,-1.9855869662082117,reactorC
487.19999999999993,0.1493,-1.9017975744369924,reactorC
491.99999999999994,0.1658,-1.7969730362809424,reactorC
497.4,0.1793,-1.71869489837105,reactorC
502.19999999999993,0.1973,-1.6230298659535674,reactorC
506.99999999999994,0.2168,-1.528780009416646,reactorC
512.4,0.23579999999999998,-1.4447712908788666,reactorC
517.1999999999999,0.2543,-1.369240606554063,reactorC
522.0,0.2823,-1.2647849437226935,reactorC
527.4,0.3013,-1.1996488328458814,reactorC
532.1999999999999,0.32930000000000004,-1.1107860895998183,reactorC
537.0,0.3533,-1.0404377246170375,reactorC
542.4,0.38430000000000003,-0.9563317814113387,reactorC
547.1999999999999,0.4163,-0.8763491247812073,reactorC
552.0,0.4408,-0.8191640211434322,reactorC
557.4,0.46680000000000005,-0.761854378569736,reactorC
562.1999999999999,0.4893,-0.7147794806870591,reactorC
567.0,0.4933,-0.7066377707424445,reactorC
572.4,0.4963,-0.7005746963887419,reactorC
577.1999999999999,0.4963,-0.7005746963887419,reactorC
582.0,0.4963,-0.7005746963887419,reactorC
587.4,0.4963,-0.7005746963887419,reactorC
592.1999999999999,0.4963,-0.7005746963887419,reactorC
597.0,0.4963,-0.7005746963887419,reactorC
602.4,0.4963,-0.7005746963887419,reactorC
607.1999999999999,0.4963,-0.7005746963887419,reactorC
612.0,0.4963,-0.7005746963887419,reactorC
617.4,0.4963,-0.7005746963887419,reactorC
622.1999999999999,0.4963,-0.7005746963887419,reactorC
627.0,0.4963,-0.7005746963887419,reactorC
632.4,0.4963,-0.7005746963887419,reactorC
637.1999999999999,0.4963,-0.7005746963887419,reactorC
642.0,0.4963,-0.7005746963887419,reactorC
647.4,0.4963,-0.7005746963887419,reactorC
652.1999999999999,0.4963,-0.7005746963887419,reactorC
657.0,0.4963,-0.7005746963887419,reactorC
662.4,0.4963,-0.7005746963887419,reactorC
667.1999999999999,0.4963,-0.7005746963887419,reactorC
672.0,0.4963,-0.7005746963887419,reactorC
677.4,0.4963,-0.7005746963887419,reactorC
682.1999999999999,0.4963,-0.7005746963887419,reactorC
687.0,0.4963,-0.7005746963887419,reactorC
692.4,0.4963,-0.7005746963887419,reactorC
697.1999999999999,0.4963,-0.7005746963887419,reactorC
702.0,0.4963,-0.7005746963887419,reactorC
707.4,0.4963,-0.7005746963887419,reactorC
712.1999999999999,0.4963,-0.7005746963887419,reactorC
717.0,0.4963,-0.7005746963887419,reactorC
722.4,0.4963,-0.7005746963887419,reactorC
727.1999999999999,0.4963,-0.7005746963887419,reactorC
732.0,0.4963,-0.7005746963887419,reactorC
737.4,0.4963,-0.7005746963887419,reactorC
742.1999999999999,0.4963,-0.7005746963887419,reactorC
747.0,0.4963,-0.7005746963887419,reactorC
752.4,0.4963,-0.7005746963887419,reactorC
757.1999999999999,0.4963,-0.7005746963887419,reactorC
762.0,0.4963,-0.7005746963887419,reactorC
767.4,0.4963,-0.7005746963887419,reactorC
772.1999999999999,0.4963,-0.7005746963887419,reactorC
777.0,0.4963,-0.7005746963887419,reactorC
782.4,0.4963,-0.7005746963887419,reactorC
787.1999999999999,0.4963,-0.7005746963887419,reactorC
792.0,0.4963,-0.7005746963887419,reactorC
797.4,0.4963,-0.7005746963887419,reactorC
802.1999999999999,0.4963,-0.7005746963887419,reactorC
807.0,0.4963,-0.7005746963887419,reactorC
812.4,0.4963,-0.7005746963887419,reactorC
817.1999999999999,0.4963,-0.7005746963887419,reactorC
822.0,0.4963,-0.7005746963887419,reactorC
827.4,0.4963,-0.7005746963887419,reactorC
832.1999999999999,0.4963,-0.7005746963887419,reactorC
837.0,0.4963,-0.7005746963887419,reactorC
842.4,0.4963,-0.7005746963887419,reactorC
847.1999999999999,0.4963,-0.7005746963887419,reactorC
852.0,0.4963,-0.7005746963887419,reactorC
857.4,0.4963,-0.7005746963887419,reactorC
862.1999999999999,0.4963,-0.7005746963887419,reactorC
867.0,0.4963,-0.7005746963887419,reactorC
872.4,0.4963,-0.7005746963887419,reactorC
877.1999999999999,0.4963,-0.7005746963887419,reactorC
882.0,0.4963,-0.7005746963887419,reactorC
887.4,0.4963,-0.7005746963887419,reactorC
892.1999999999999,0.4963,-0.7005746963887419,reactorC
897.0,0.4963,-0.7005746963887419,reactorC
902.4,0.4963,-0.7005746963887419,reactorC
907.1999999999999,0.4963,-0.7005746963887419,reactorC
912.6,0.4963,-0.7005746963887419,reactorC
917.4,0.4963,-0.7005746963887419,reactorC
922.1999999999999,0.4963,-0.7005746963887419,reactorC
927.6,0.4963,-0.7005746963887419,reactorC
932.4,0.4963,-0.7005746963887419,reactorC
937.1999999999999,0.4963,-0.7005746963887419,reactorC
942.6,0.4963,-0.7005746963887419,reactorC
947.4,0.4963,-0.7005746963887419,reactorC
952.1999999999999,0.4963,-0.7005746963887419,reactorC
957.6,0.4963,-0.7005746963887419,reactorC
962.4,0.4963,-0.7005746963887419,reactorC
967.2,0.4963,-0.7005746963887419,reactorC
972.6,0.4963,-0.7005746963887419,reactorC
977.4,0.4963,-0.7005746963887419,reactorC
982.2,0.4963,-0.7005746963887419,reactorC
987.6,0.4963,-0.7005746963887419,reactorC
992.4,0.4963,-0.7005746963887419,reactorC
997.2,0.4963,-0.7005746963887419,reactorC
1002.6,0.4963,-0.7005746963887419,reactorC
1007.4,0.4963,-0.7005746963887419,reactorC
1012.2,0.4963,-0.7005746963887419,reactorC
1017.6,0.4963,-0.7005746963887419,reactorC
1022.4,0.4963,-0.7005746963887419,reactorC
1027.2,0.4963,-0.7005746963887419,reactorC
1032.6000000000001,0.4963,-0.7005746963887419,reactorC
1037.3999999999999,0.4963,-0.7005746963887419,reactorC
1042.2,0.4963,-0.7005746963887419,reactorC
1047.6000000000001,0.4963,-0.7005746963887419,reactorC
1052.3999999999999,0.4963,-0.7005746963887419,reactorC
1057.2,0.4963,-0.7005746963887419,reactorC
1062.6000000000001,0.4963,-0.7005746963887419,reactorC
1067.3999999999999,0.4963,-0.7005746963887419,reactorC
1072.2,0.4963,-0.7005746963887419,reactorC
1077.6000000000001,0.4963,-0.7005746963887419,reactorC
1082.3999999999999,0.4963,-0.7005746963887419,reactorC
1087.2,0.4963,-0.7005746963887419,reactorC
1092.6000000000001,0.4963,-0.7005746963887419,reactorC
1097.3999999999999,0.4963,-0.7005746963887419,reactorC
1102.2,0.4963,-0.7005746963887419,reactorC
1107.6000000000001,0.4963,-0.7005746963887419,reactorC
1112.3999999999999,0.4963,-0.7005746963887419,reactorC
1117.2,0.4963,-0.7005746963887419,reactorC
1122.6000000000001,0.4963,-0.7005746963887419,reactorC
1127.3999999999999,0.4963,-0.7005746963887419,reactorC
1132.2,0.4963,-0.7005746963887419,reactorC
1137.6000000000001,0.4963,-0.7005746963887419,reactorC
1142.3999999999999,0.4963,-0.7005746963887419,reactorC
1147.2,0.4963,-0.7005746963887419,reactorC
1152.6000000000001,0.4963,-0.7005746963887419,reactorC
1157.3999999999999,0.4963,-0.7005746963887419,reactorC
1162.2,0.4963,-0.7005746963887419,reactorC
1167.6000000000001,0.4963,-0.7005746963887419,reactorC
1172.3999999999999,0.4963,-0.7005746963887419,reactorC
1177.2,0.4963,-0.7005746963887419,reactorC
1182.6000000000001,0.4963,-0.7005746963887419,reactorC
1187.3999999999999,0.4963,-0.7005746963887419,reactorC
1192.2,0.4963,-0.7005746963887419,reactorC
1197.6000000000001,0.4963,-0.7005746963887419,reactorC
1202.3999999999999,0.4963,-0.7005746963887419,reactorC
1207.2,0.4963,-0.7005746963887419,reactorC
1212.6000000000001,0.4963,-0.7005746963887419,reactorC
1217.3999999999999,0.4963,-0.7005746963887419,reactorC
1222.2,0.4963,-0.7005746963887419,reactorC
1227.6000000000001,0.4963,-0.7005746963887419,reactorC
1232.3999999999999,0.4963,-0.7005746963887419,reactorC
1237.2,0.4963,-0.7005746963887419,reactorC
1242.6000000000001,0.4963,-0.7005746963887419,reactorC
1247.3999999999999,0.4963,-0.7005746963887419,reactorC
1252.2,0.4963,-0.7005746963887419,reactorC
1257.6000000000001,0.4963,-0.7005746963887419,reactorC
1262.3999999999999,0.4963,-0.7005746963887419,reactorC
1267.2,0.4963,-0.7005746963887419,reactorC
1272.6000000000001,0.4963,-0.7005746963887419,reactorC
1277.3999999999999,0.4963,-0.7005746963887419,reactorC
1282.2,0.4963,-0.7005746963887419,reactorC
1287.6000000000001,0.4963,-0.7005746963887419,reactorC
1292.3999999999999,0.4963,-0.7005746963887419,reactorC
1297.2,0.4963,-0.7005746963887419,reactorC
1302.6000000000001,0.4963,-0.7005746963887419,reactorC
1307.3999999999999,0.4963,-0.7005746963887419,reactorC
1312.2,0.4963,-0.7005746963887419,reactorC
0.0,-0.003,,reactorD
7.199999999999999,0.001,,reactorD
12.0,-0.003,,reactorD
17.4,0.001,,reactorD
22.2,0.0,,reactorD
27.0,0.0,,reactorD
32.400000000000006,0.001,,reactorD
37.2,0.0,,reactorD
42.0,0.0,,reactorD
47.400000000000006,0.003,,reactorD
52.2,0.005999999999999999,,reactorD
57.0,-0.001,,reactorD
62.400000000000006,-0.003,,reactorD
67.2,-0.002,,reactorD
72.0,0.004,,reactorD
77.4,0.0,,reactorD
82.2,0.005,,reactorD
87.0,0.003,,reactorD
92.4,0.002,,reactorD
97.2,0.005,,reactorD
102.0,0.005999999999999999,,reactorD
107.4,0.009000000000000001,,reactorD
112.2,0.008,,reactorD
117.0,0.012,,reactorD
122.4,0.013000000000000001,,reactorD
127.2,0.016,,reactorD
132.0,0.013000000000000001,,reactorD
137.4,0.014000000000000002,,reactorD
142.20000000000002,0.013000000000000001,,reactorD
147.0,-0.002,,reactorD
152.4,-0.003,,reactorD
157.20000000000002,-0.002,,reactorD
162.0,-0.003,,reactorD
167.4,-0.002,,reactorD
172.20000000000002,-0.003,,reactorD
177.0,-0.003,,reactorD
182.4,-0.001,,reactorD
187.20000000000002,-0.003,,reactorD
192.0,-0.003,,reactorD
197.4,-0.003,,reactorD
202.20000000000002,-0.003,,reactorD
207.0,-0.003,,reactorD
212.4,-0.001,,reactorD
217.20000000000002,-0.003,,reactorD
222.0,-0.002,,reactorD
227.4,0.0,,reactorD
232.20000000000002,-0.003,,reactorD
237.0,-0.001,,reactorD
242.4,0.001,,reactorD
247.20000000000002,0.0,,reactorD
252.0,-0.003,,reactorD
257.4,-0.003,,reactorD
262.2,-0.001,,reactorD
267.0,-0.002,,reactorD
272.4,0.001,,reactorD
277.2,0.0,,reactorD
282.0,-0.001,,reactorD
287.4,-0.002,,reactorD
292.2,0.002,,reactorD
297.0,0.002,,reactorD
302.4,0.0,,reactorD
307.2,-0.001,,reactorD
312.0,-0.002,,reactorD
317.4,-0.002,,reactorD
322.2,0.002,,reactorD
327.0,-0.001,,reactorD
332.4,0.001,,reactorD
337.2,0.001,,reactorD
342.0,0.003,,reactorD
347.4,0.0,,reactorD
352.2,-0.001,,reactorD
357.0,0.002,-6.214608098422191,reactorD
362.4,0.008,-4.8283137373023015,reactorD
367.2,0.004,-5.521460917862246,reactorD
372.0,0.005999999999999999,-5.115995809754082,reactorD
377.4,0.008,-4.8283137373023015,reactorD
382.2,0.009000000000000001,-4.710530701645918,reactorD
387.0,0.008,-4.8283137373023015,reactorD
392.4,0.011,-4.509860006183766,reactorD
397.2,0.012,-4.422848629194137,reactorD
402.0,0.012,-4.422848629194137,reactorD
407.4,0.014000000000000002,-4.268697949366878,reactorD
412.2,0.015,-4.199705077879927,reactorD
417.0,0.022000000000000002,-3.816712825623821,reactorD
422.4,0.02,-3.912023005428146,reactorD
427.2,0.019,-3.9633162998156966,reactorD
432.0,0.023,-3.7722610630529876,reactorD
437.4,0.026000000000000002,-3.649658740960655,reactorD
442.2,0.024,-3.7297014486341915,reactorD
447.0,0.028,-3.575550768806933,reactorD
452.4,0.032,-3.4420193761824103,reactorD
457.2,0.037,-3.2968373663379125,reactorD
462.0,0.036,-3.3242363405260273,reactorD
467.4,0.039999999999999994,-3.218875824868201,reactorD
472.2,0.045,-3.101092789211817,reactorD
477.0,0.046,-3.079113882493042,reactorD
482.4,0.051,-2.9759296462578115,reactorD
487.19999999999993,0.056999999999999995,-2.864704011147587,reactorD
491.99999999999994,0.062,-2.7806208939370456,reactorD
497.4,0.073,-2.617295837833746,reactorD
502.19999999999993,0.074,-2.6036901857779675,reactorD
506.99999999999994,0.08299999999999999,-2.4889146711855394,reactorD
512.4,0.092,-2.385966701933097,reactorD
517.1999999999999,0.104,-2.2633643798407643,reactorD
522.0,0.107,-2.234926444520231,reactorD
527.4,0.125,-2.0794415416798357,reactorD
532.1999999999999,0.126,-2.071473372030659,reactorD
537.0,0.13999999999999999,-1.966112856372833,reactorD
542.4,0.155,-1.8643301620628905,reactorD
547.1999999999999,0.16999999999999998,-1.7719568419318754,reactorD
552.0,0.187,-1.6766466621275504,reactorD
557.4,0.207,-1.575036485716768,reactorD
562.1999999999999,0.23299999999999998,-1.4567168254164367,reactorD
567.0,0.26,-1.3470736479666092,reactorD
572.4,0.268,-1.3167682984712803,reactorD
577.1999999999999,0.292,-1.2310014767138553,reactorD
582.0,0.319,-1.1425641761972924,reactorD
587.4,0.34299999999999997,-1.0700248318161971,reactorD
592.1999999999999,0.357,-1.030019497202498,reactorD
597.0,0.399,-0.9187938620922735,reactorD
602.4,0.429,-0.8462983600541201,reactorD
607.1999999999999,0.445,-0.8096809968158968,reactorD
612.0,0.478,-0.7381445464906811,reactorD
617.4,0.503,-0.6871651088823978,reactorD
622.1999999999999,0.54,-0.616186139423817,reactorD
627.0,0.566,-0.5691612007789542,reactorD
632.4,0.598,-0.5141645250315053,reactorD
637.1999999999999,0.628,-0.4652151125139384,reactorD
642.0,0.673,-0.3960099493374092,reactorD
647.4,0.712,-0.3396773675701613,reactorD
652.1999999999999,0.731,-0.3133418192323586,reactorD
657.0,0.755,-0.28103752973311236,reactorD
662.4,0.8,-0.2231435513142097,reactorD
667.1999999999999,0.817,-0.20211618412213422,reactorD
672.0,0.856,-0.15548490284039498,reactorD
677.4,0.883,-0.12443007837817703,reactorD
682.1999999999999,0.911,-0.0932123817221787,reactorD
687.0,0.946,-0.05551270993025883,reactorD
692.4,0.951,-0.05024121643674679,reactorD
697.1999999999999,0.979,-0.021223636451626688,reactorD
702.0,0.995,-0.005012541823544286,reactorD
707.4,0.997,-0.0030045090202987243,reactorD
712.1999999999999,0.997,-0.0030045090202987243,reactorD
717.0,0.997,-0.0030045090202987243,reactorD
722.4,0.997,-0.0030045090202987243,reactorD
727.1999999999999,0.997,-0.0030045090202987243,reactorD
732.0,0.997,-0.0030045090202987243,reactorD
737.4,0.997,-0.0030045090202987243,reactorD
742.1999999999999,0.997,-0.0030045090202987243,reactorD
747.0,0.997,-0.0030045090202987243,reactorD
752.4,0.997,-0.0030045090202987243,reactorD
757.1999999999999,0.997,-0.0030045090202987243,reactorD
762.0,0.997,-0.0030045090202987243,reactorD
767.4,0.997,-0.0030045090202987243,reactorD
772.1999999999999,0.997,-0.0030045090202987243,reactorD
777.0,0.997,-0.0030045090202987243,reactorD
782.4,0.997,-0.0030045090202987243,reactorD
787.1999999999999,0.997,-0.0030045090202987243,reactorD
792.0,0.997,-0.0030045090202987243,reactorD
797.4,0.997,-0.0030045090202987243,reactorD
802.1999999999999,0.997,-0.0030045090202987243,reactorD
807.0,0.997,-0.0030045090202987243,reactorD
812.4,0.997,-0.0030045090202987243,reactorD
817.1999999999999,0.997,-0.0030045090202987243,reactorD
822.0,0.997,-0.0030045090202987243,reactorD
827.4,0.997,-0.0030045090202987243,reactorD
832.1999999999999,0.997,-0.0030045090202987243,reactorD
837.0,0.997,-0.0030045090202987243,reactorD
842.4,0.997,-0.0030045090202987243,reactorD
847.1999999999999,0.997,-0.0030045090202987243,reactorD
852.0,0.997,-0.0030045090202987243,reactorD
857.4,0.997,-0.0030045090202987243,reactorD
862.1999999999999,0.997,-0.0030045090202987243,reactorD
867.0,0.997,-0.0030045090202987243,reactorD
872.4,0.997,-0.0030045090202987243,reactorD
877.1999999999999,0.997,-0.0030045090202987243,reactorD
882.0,0.997,-0.0030045090202987243,reactorD
887.4,0.997,-0.0030045090202987243,reactorD
892.1999999999999,0.997,-0.0030045090202987243,reactorD
897.0,0.997,-0.0030045090202987243,reactorD
902.4,0.997,-0.0030045090202987243,reactorD
907.1999999999999,0.997,-0.0030045090202987243,reactorD
912.6,0.997,-0.0030045090202987243,reactorD
917.4,0.997,-0.0030045090202987243,reactorD
922.1999999999999,0.997,-0.0030045090202987243,reactorD
927.6,0.997,-0.0030045090202987243,reactorD
932.4,0.997,-0.0030045090202987243,reactorD
937.1999999999999,0.997,-0.0030045090202987243,reactorD
942.6,0.997,-0.0030045090202987243,reactorD
947.4,0.997,-0.0030045090202987243,reactorD
952.1999999999999,0.997,-0.0030045090202987243,reactorD
957.6,0.997,-0.0030045090202987243,reactorD
962.4,0.997,-0.0030045090202987243,reactorD
967.2,0.997,-0.0030045090202987243,reactorD
972.6,0.997,-0.0030045090202987243,reactorD
977.4,0.997,-0.0030045090202987243,reactorD
982.2,0.997,-0.0030045090202987243,reactorD
987.6,0.997,-0.0030045090202987243,reactorD
992.4,0.997,-0.0030045090202987243,reactorD
997.2,0.997,-0.0030045090202987243,reactorD
1002.6,0.997,-0.0030045090202987243,reactorD
1007.4,0.997,-0.0030045090202987243,reactorD
1012.2,0.997,-0.0030045090202987243,reactorD
1017.6,0.997,-0.0030045090202987243,reactorD
1022.4,0.997,-0.0030045090202987243,reactorD
1027.2,0.997,-0.0030045090202987243,reactorD
1032.6000000000001,0.997,-0.0030045090202987243,reactorD
1037.3999999999999,0.997,-0.0030045090202987243,reactorD
1042.2,0.997,-0.0030045090202987243,reactorD
1047.6000000000001,0.997,-0.0030045090202987243,reactorD
1052.3999999999999,0.997,-0.0030045090202987243,reactorD
1057.2,0.997,-0.0030045090202987243,reactorD
1062.6000000000001,0.997,-0.0030045090202987243,reactorD
1067.3999999999999,0.997,-0.0030045090202987243,reactorD
1072.2,0.997,-0.0030045090202987243,reactorD
1077.6000000000001,0.997,-0.0030045090202987243,reactorD
1082.3999999999999,0.997,-0.0030045090202987243,reactorD
1087.2,0.997,-0.0030045090202987243,reactorD
1092.6000000000001,0.997,-0.0030045090202987243,reactorD
1097.3999999999999,0.997,-0.0030045090202987243,reactorD
1102.2,0.997,-0.0030045090202987243,reactorD
1107.6000000000001,0.997,-0.0030045090202987243,reactorD
1112.3999999999999,0.997,-0.0030045090202987243,reactorD
1117.2,0.997,-0.0030045090202987243,reactorD
1122.6000000000001,0.997,-0.0030045090202987243,reactorD
1127.3999999999999,0.997,-0.0030045090202987243,reactorD
1132.2,0.997,-0.0030045090202987243,reactorD
1137.6000000000001,0.997,-0.0030045090202987243,reactorD
1142.3999999999999,0.997,-0.0030045090202987243,reactorD
1147.2,0.997,-0.0030045090202987243,reactorD
1152.6000000000001,0.997,-0.0030045090202987243,reactorD
1157.3999999999999,0.997,-0.0030045090202987243,reactorD
1162.2,0.997,-0.0030045090202987243,reactorD
1167.6000000000001,0.997,-0.0030045090202987243,reactorD
1172.3999999999999,0.997,-0.0030045090202987243,reactorD
1177.2,0.997,-0.0030045090202987243,reactorD
1182.6000000000001,0.997,-0.0030045090202987243,reactorD
1187.3999999999999,0.997,-0.0030045090202987243,reactorD
1192.2,0.997,-0.0030045090202987243,reactorD
1197.6000000000001,0.997,-0.0030045090202987243,reactorD
1202.3999999999999,0.997,-0.0030045090202987243,reactorD
1207.2,0.997,-0.0030045090202987243,reactorD
1212.6000000000001,0.997,-0.0030045090202987243,reactorD
1217.3999999999999,0.997,-0.0030045090202987243,reactorD
1222.2,0.997,-0.0030045090202987243,reactorD
1227.6000000000001,0.997,-0.0030045090202987243,reactorD
1232.3999999999999,0.997,-0.0030045090202987243,reactorD
1237.2,0.997,-0.0030045090202987243,reactorD
1242.6000000000001,0.997,-0.0030045090202987243,reactorD
1247.3999999999999,0.997,-0.0030045090202987243,reactorD
1252.2,0.997,-0.0030045090202987243,reactorD
1257.6000000000001,0.997,-0.0030045090202987243,reactorD
1262.3999999999999,0.997,-0.0030045090202987243,reactorD
1267.2,0.997,-0.0030045090202987243,reactorD
1272.6000000000001,0.997,-0.0030045090202987243,reactorD
1277.3999999999999,0.997,-0.0030045090202987243,reactorD
1282.2,0.997,-0.0030045090202987243,reactorD
1287.6000000000001,0.997,-0.0030045090202987243,reactorD
1292.3999999999999,0.997,-0.0030045090202987243,reactorD
1297.2,0.997,-0.0030045090202987243,reactorD
1302.6000000000001,0.997,-0.0030045090202987243,reactorD
1307.3999999999999,0.997,-0.0030045090202987243,reactorD
1312.2,0.997,-0.0030045090202987243,reactorD
